{"\u4e07": 1, "\u4e18": 2, "\u4e19": 3, "\u4e27": 4, "\u4e58": 5, "\u4ea6": 6, "\u4eba": 7, "\u4eca": 8, "\u4ecb": 9, "\u4ece": 10, "\u4ee4": 11, "\u4ee5": 12, "\u4f0a": 13, "\u4f55": 14, "\u4f59": 15, "\u5141": 16, "\u5143": 17, "\u5144": 18, "\u5149": 19, "\u5154": 20, "\u5165": 21, "\u51e4": 22, "\u5316": 23, "\u5317": 24, "\u5370": 25, "\u53ca": 26, "\u53d6": 27, "\u53e3": 28, "\u5409": 29, "\u56da": 30, "\u592b": 31, "\u592e": 32, "\u5b97": 33, "\u5bbe": 34, "\u5c1e": 35, "\u5df3": 36, "\u5e3d": 37, "\u5e76": 38, "\u5f58": 39, "\u5f80": 40, "\u5fa1": 41, "\u5fae": 42, "\u65e8": 43, "\u6603": 44, "\u6728": 45, "\u673f": 46, "\u6d8e": 47, "\u707e": 48, "\u7126": 49, "\u723d": 50, "\u725d": 51, "\u7261": 52, "\u7267": 53, "\u751f": 54, "\u7530": 55, "\u7591": 56, "\u795d": 57, "\u798f": 58, "\u7acb": 59, "\u7f8a": 60, "\u7f8c": 61, "\u7fcc": 62, "\u7ffc": 63, "\u8001": 64, "\u8270": 65, "\u827a": 66, "\u82e5": 67, "\u83ab": 68, "\u83b7": 69, "\u8863": 70, "\u9006": 71, "\u95e8": 72, "\u964d": 73, "\u965f": 74, "\u96cd": 75, "\u9e7f": 76}